date,title,url
2025-01-24,NASS 2025-01-24 15:00 Coffee,https://www.nass.usda.gov/Publications/Calendar/calendar-landing.php?year=25&month=01&day=24&report_id=17277&source=d
2024-12-18,FAS 2024-12-18 15:00 Coffee: World Markets and Trade,https://fas.usda.gov/data/coffee-world-markets-and-trade
2024-11-19,Secretary Vilsack Highlights Historic Investments in U.S. Agriculture and Four Years of Climate Progress at COP29,https://www.usda.gov/about-usda/news/press-releases/2024/11/19/secretary-vilsack-highlights-historic-investments-us-agriculture-and-four-years-climate-progress
2024-10-24,USDA Science Hispanic Heritage Month Spotlight: Meet Luz,https://www.usda.gov/about-usda/news/blog/usda-science-hispanic-heritage-month-spotlight-meet-luz-0
2024-10-17,USDA Highlights Success of Historic Partnerships for Climate-Smart Commodities Initiative,https://www.usda.gov/about-usda/news/press-releases/2024/10/17/usda-highlights-success-historic-partnerships-climate-smart-commodities-initiative
2024-10-15,"USDA Announces Availability of D-SNAP for Disaster Areas in Georgia, North Carolina and Tennessee",https://www.usda.gov/about-usda/news/press-releases/2024/10/15/usda-announces-availability-d-snap-disaster-areas-georgia-north-carolina-and-tennessee
2024-10-08,USDA Science Hispanic Heritage Month Spotlight: Meet Luz,https://www.usda.gov/about-usda/news/blog/usda-science-hispanic-heritage-month-spotlight-meet-luz
2024-08-13,"Coffee Is Hot Commodity, Even During This Record Hot Summer",https://www.usda.gov/about-usda/news/radio/weekly-features/2024-08-13/coffee-hot-commodity-even-during-record-hot-summer
2024-08-12,Women in Agriculture,https://www.usda.gov/farming-and-ranching/agricultural-education-and-outreach/women-agriculture
2024-06-20,FAS 2024-06-20 15:00 Coffee: World Markets and Trade,https://fas.usda.gov/data/coffee-world-markets-and-trade
2024-03-26,Community Cause Behind Hawaiian Women's Coffee Collaborations,https://www.usda.gov/about-usda/news/radio/weekly-features/2024-03-26/community-cause-behind-hawaiian-womens-coffee-collaborations
2024-03-08,A Family Brew – Celebrating Mother-Daughter Coffee Farmer on International Women’s Day,https://www.usda.gov/about-usda/news/blog/family-brew-celebrating-mother-daughter-coffee-farmer-international-womens-day
2024-03-07,Community Cause Behind Hawaiian Women's Coffee Collaborations,https://www.usda.gov/about-usda/news/radio/daily-newsline/2024-03-07/community-cause-behind-hawaiian-womens-coffee-collaborations
2024-03-07,Actuality: Growing a Business and Community Collaboration with Coffee,https://www.usda.gov/about-usda/news/radio/daily-newsline/2024-03-07/actuality-growing-business-and-community-collaboration-coffee
2024-02-13,Americans Are Consuming More Coffee and More Caffeine,https://www.usda.gov/about-usda/news/radio/weekly-features/2024-02-13/americans-are-consuming-more-coffee-and-more-caffeine
2024-02-13,How Much Coffee and Caffeine is Too Much?,https://www.usda.gov/about-usda/news/radio/weekly-features/2024-02-13/how-much-coffee-and-caffeine-too-much
2024-01-24,NASS 2024-01-24 15:00 Coffee,https://www.nass.usda.gov/Publications/Calendar/calendar-landing.php?year=24&month=01&day=24&report_id=17277&source=d
2023-12-27,World Coffee Inventories Projected at Twelve Year Lows,https://www.usda.gov/about-usda/news/radio/daily-newsline/2023-12-27/world-coffee-inventories-projected-twelve-year-lows
2023-09-21,USDA Invests Nearly a Half Billion Dollars in the Food for Progress and McGovern Dole Programs to Strengthen Global Food Security Using US Commodities,https://www.usda.gov/about-usda/news/press-releases/2023/09/21/usda-invests-nearly-half-billion-dollars-food-progress-and-mcgovern-dole-programs-strengthen-global
2023-08-08,"Coffee Is Hot Commodity, Even During This Record Hot Summer",https://www.usda.gov/about-usda/news/radio/weekly-features/2023-08-08/coffee-hot-commodity-even-during-record-hot-summer
2023-05-05,United States and Philippines Cooperation Highlighted at U.S.-Philippines Food Security Dialogue,https://www.usda.gov/about-usda/news/press-releases/2023/05/05/united-states-and-philippines-cooperation-highlighted-us-philippines-food-security-dialogue
2022-12-09,U.S. Department of Agriculture Announces Key Staff Appointments,https://www.usda.gov/about-usda/news/press-releases/2022/12/09/us-department-agriculture-announces-key-staff-appointments
2022-09-21,Biden-Harris Administration Invests $178 Million in International Food for Progress Projects,https://www.usda.gov/about-usda/news/press-releases/2022/09/21/biden-harris-administration-invests-178-million-international-food-progress-projects
2022-08-08,Ethics Advisor's Desk Reference,https://www.usda.gov/oe/rules-road/overview/ethics-advisors-desk-reference
2022-08-08,Holiday Guidance for Federal Personnel,https://www.usda.gov/oe/rules-road/holiday-guidance-federal-personnel
2022-08-08,USDA Ethics Rules at a Glance,https://www.usda.gov/oe/rules-road/overview/usda-ethics-rules-glance
2022-08-02,Why Coffee is a Hot Commodity Again,https://www.usda.gov/about-usda/news/radio/weekly-features/2022-08-02/why-coffee-hot-commodity-again
2022-08-02,Rise in Coffee/Caffeine Consumption Could be Grounds for Concern,https://www.usda.gov/about-usda/news/radio/weekly-features/2022-08-02/rise-coffeecaffeine-consumption-could-be-grounds-concern
2022-05-04,"Worms at Work, Recycling Food Waste",https://www.usda.gov/about-usda/news/blog/worms-work-recycling-food-waste
2022-05-02,Composting,https://www.usda.gov/about-usda/general-information/initiatives-and-highlighted-programs/peoples-garden/food-access-food-waste/composting
2022-05-02,The Importance of Pollinators,https://www.usda.gov/about-usda/general-information/initiatives-and-highlighted-programs/peoples-garden/importance-pollinators
2021-12-15,Wish You Were Here: Celebrating Hawaii’s Unique Agriculture This Winter,https://www.usda.gov/about-usda/news/blog/wish-you-were-here-celebrating-hawaiis-unique-agriculture-winter
2021-09-14,We're Drinking More Coffee--Consuming More Caffeine,https://www.usda.gov/about-usda/news/radio/weekly-features/2021-09-14/were-drinking-more-coffee-consuming-more-caffeine
2021-07-27,Coffee and Caffeine---How Much Is too Much?,https://www.usda.gov/about-usda/news/radio/weekly-features/2021-07-27/coffee-and-caffeine-how-much-too-much
2021-07-20,Hot Coffee Is Cool Again,https://www.usda.gov/about-usda/news/radio/weekly-features/2021-07-20/hot-coffee-cool-again
2020-08-27,Automation Helps Solve Specialty Crop Challenges,https://www.usda.gov/about-usda/news/blog/automation-helps-solve-specialty-crop-challenges
2020-04-07,Hawaii’s Crown Jewels of U.S. Agriculture,https://www.usda.gov/about-usda/news/blog/hawaiis-crown-jewels-us-agriculture
2020-02-27,Forum Newsroom,https://www.usda.gov/about-usda/general-information/staff-offices/office-chief-economist/agricultural-outlook-forum/forum-newsroom
2019-11-13,Why Reconnecting Our Rural Communities Matters,https://www.usda.gov/about-usda/news/blog/why-reconnecting-our-rural-communities-matters
2019-09-20,Forest Service Helps Small Farmers Hit Hard by Hurricanes,https://www.usda.gov/about-usda/news/blog/forest-service-helps-small-farmers-hit-hard-hurricanes
2018-10-18,Food Waste Activities,https://www.usda.gov/about-food/food-safety/food-loss-and-waste/food-waste-activities
2018-10-04,What Can I Bring Back with Me When I Travel Overseas?,https://www.usda.gov/about-usda/news/blog/what-can-i-bring-back-me-when-i-travel-overseas
2018-04-20,‘Turnip the Beet’ Recognizes High-Quality Summer Meals for our Nation’s Kids,https://www.usda.gov/about-usda/news/blog/turnip-beet-recognizes-high-quality-summer-meals-our-nations-kids
2018-04-10,"When Disasters Hit, Help Is as Close as Your USDA Service Center",https://www.usda.gov/about-usda/news/blog/when-disasters-hit-help-close-your-usda-service-center
2018-03-02,CAFTA-DR: A Trade Partnership that Works,https://www.usda.gov/about-usda/news/blog/cafta-dr-trade-partnership-works
2017-12-14,In Conversation with #WomeninAg: Catherine Gill,https://www.usda.gov/about-usda/news/blog/conversation-womeninag-catherine-gill
2017-05-04,Too Hot for Coffee! Warming Temperatures in Puerto Rico Present a Challenge to Coffee Growers,https://www.usda.gov/about-usda/news/blog/too-hot-coffee-warming-temperatures-puerto-rico-present-challenge-coffee-growers
2017-02-28,MyPlate Helps You Put Your Best Fork Forward during National Nutrition Month,https://www.usda.gov/about-usda/news/blog/myplate-helps-you-put-your-best-fork-forward-during-national-nutrition-month
2017-01-03,Welcome to the MyPlate New Year’s Challenge,https://www.usda.gov/about-usda/news/blog/welcome-myplate-new-years-challenge
2016-12-28,"MyPlate, MyWins Helps Americans Turn Resolutions into Real Solutions for Healthy Eating in the New Year",https://www.usda.gov/about-usda/news/press-releases/2016/12/28/myplate-mywins-helps-americans-turn-resolutions-real-solutions-healthy-eating-new-year
2016-10-04,Op-ed from President Barack Obama on the Strength and Resilience of Rural America,https://www.usda.gov/about-usda/news/press-releases/2016/10/04/op-ed-president-barack-obama-strength-and-resilience-rural-america
2016-06-27,FAS Capacity-Building Efforts in Central America Yield Benefits There and at Home,https://www.usda.gov/about-usda/news/blog/fas-capacity-building-efforts-central-america-yield-benefits-there-and-home
2016-06-09,Local Food - Cooking Up Creative & Fresh Ideas for Healthy Communities,https://www.usda.gov/about-usda/news/blog/local-food-cooking-creative-fresh-ideas-healthy-communities
2016-05-06,Climate Change and Agriculture in the Americas,https://www.usda.gov/about-usda/news/blog/climate-change-and-agriculture-americas
2016-04-29,In Conversation with #WomeninAg: Beth Robinette,https://www.usda.gov/about-usda/news/blog/conversation-womeninag-beth-robinette
2016-02-18,USDA Conservation Program Keeping Puerto Rico Water Sources Clean,https://www.usda.gov/about-usda/news/blog/usda-conservation-program-keeping-puerto-rico-water-sources-clean
2016-02-16,Consumer Demand Bolstering Organic Production and Markets in the U.S.,https://www.usda.gov/about-usda/news/blog/consumer-demand-bolstering-organic-production-and-markets-us
2016-01-28,A Community for Agricultores in Puerto Rico,https://www.usda.gov/about-usda/news/blog/community-agricultores-puerto-rico
2015-12-17,"Oh Maple Syrup, How I Love Thee. Let me Count the Ways.",https://www.usda.gov/about-usda/news/blog/oh-maple-syrup-how-i-love-thee-let-me-count-ways
2015-11-19,FACT SHEET: Trans Pacific Partnership and Japan: Key Outcomes for Agriculture,https://www.usda.gov/about-usda/news/press-releases/2015/11/19/fact-sheet-trans-pacific-partnership-and-japan-key-outcomes-agriculture
2015-10-30,Speaking of Pumpkins,https://www.usda.gov/about-usda/news/blog/speaking-pumpkins
2015-10-15,USDA Invests in Global Food Security,https://www.usda.gov/about-usda/news/press-releases/2015/10/15/usda-invests-global-food-security
2015-09-30,In Conversation with #WomeninAg: Anita Adalja,https://www.usda.gov/about-usda/news/blog/conversation-womeninag-anita-adalja
2015-09-22,Engaging Spanish-Speaking Organic Stakeholders,https://www.usda.gov/about-usda/news/blog/engaging-spanish-speaking-organic-stakeholders
2015-09-02,"U.S.-Cuba Trade Relationship: Past, Present, and Possible Future",https://www.usda.gov/about-usda/news/blog/us-cuba-trade-relationship-past-present-and-possible-future
2015-08-31,In Conversation with #WomeninAg: Carissa Koopmann Rivers,https://www.usda.gov/about-usda/news/blog/conversation-womeninag-carissa-koopmann-rivers
2015-06-15,"It's National Pollinator Week! Celebrate Bees, Bats and Other Pollinators on Friday, June 19, at USDA's Pollinator Festival",https://www.usda.gov/about-usda/news/blog/its-national-pollinator-week-celebrate-bees-bats-and-other-pollinators-friday-june-19-usdas
2015-05-28,In Conversation with #WomeninAg: Cory Carman,https://www.usda.gov/about-usda/news/blog/conversation-womeninag-cory-carman
2015-03-26,In Conversation with #WomeninAg: Dr. Jewel Hairston,https://www.usda.gov/about-usda/news/blog/conversation-womeninag-dr-jewel-hairston
2015-03-18,In Conversation with #WomeninAg: Lindsey Lusher Shute,https://www.usda.gov/about-usda/news/blog/conversation-womeninag-lindsey-lusher-shute
2015-03-11,In Conversation with #WomeninAg: Minnie Lou Bradley,https://www.usda.gov/about-usda/news/blog/conversation-womeninag-minnie-lou-bradley
2015-02-19,Remarks as Delivered by Agriculture Secretary Tom Vilsack and European Commissioner of Agriculture & Rural Development Phil Hogan at 2015 Agricultural Outlook Forum Roundtable Discussion,https://www.usda.gov/about-usda/news/transcripts-speeches/2015/02/19/remarks-delivered-agriculture-secretary-tom-vilsack-and-european-commissioner-agriculture-rural
2014-11-26,Partnering to Improve Market Data in Brazil,https://www.usda.gov/about-usda/news/blog/partnering-improve-market-data-brazil
2014-11-07,"Remarks as Delivered to National FFA Members in Louisville, Kentucky",https://www.usda.gov/about-usda/news/transcripts-speeches/2014/11/07/remarks-delivered-national-ffa-members-louisville-kentucky
2014-11-05,Always Home Grown or Homemade In South Dakota,https://www.usda.gov/about-usda/news/blog/always-home-grown-or-homemade-south-dakota
2014-10-31,U.S. Forest Service Harvests 2014 U.S. Capitol Christmas Tree in Minnesota,https://www.usda.gov/about-usda/news/blog/us-forest-service-harvests-2014-us-capitol-christmas-tree-minnesota
2014-10-20,Whitefish Public Schools Take Healthy Hunger-Free Kids Act in Stride,https://www.usda.gov/about-usda/news/blog/whitefish-public-schools-take-healthy-hunger-free-kids-act-stride
2014-10-01,"USDA Helps Deliver the Latest in Innovative Agricultural Methods to Small, Socially Disadvantaged Agricultural Producers",https://www.usda.gov/about-usda/news/press-releases/2014/10/01/usda-helps-deliver-latest-innovative-agricultural-methods-small-socially-disadvantaged-agricultural
2014-09-22,"Conservation Groups, Farmers Protect & Restore Precious Puget Sound Estuary",https://www.usda.gov/about-usda/news/blog/conservation-groups-farmers-protect-restore-precious-puget-sound-estuary
2014-09-18,Organic Trade in the Americas:  Inter-American Commission for Organic Agriculture,https://www.usda.gov/about-usda/news/blog/organic-trade-americas-inter-american-commission-organic-agriculture
2014-08-19,Improving Agricultural Productivity in Uganda,https://www.usda.gov/about-usda/news/blog/improving-agricultural-productivity-uganda
2014-08-19,More than 1.6 Million Worldwide to Benefit from USDA International Assistance Program,https://www.usda.gov/about-usda/news/press-releases/2014/08/19/more-16-million-worldwide-benefit-usda-international-assistance-program
2014-08-04,"Making Artisan Cheese, a Couple Preserves a Way of Life",https://www.usda.gov/about-usda/news/blog/making-artisan-cheese-couple-preserves-way-life
2014-07-09,Nevada Preschoolers 'Dig in' to Help Dedicate New People's Garden,https://www.usda.gov/about-usda/news/blog/nevada-preschoolers-dig-help-dedicate-new-peoples-garden
2014-06-26,USDA and USTR Name New Members to Agricultural Trade Advisory Committees,https://www.usda.gov/about-usda/news/press-releases/2014/06/26/usda-and-ustr-name-new-members-agricultural-trade-advisory-committees
2014-05-15,Hawaiian Agriculture Remains Unique,https://www.usda.gov/about-usda/news/blog/hawaiian-agriculture-remains-unique
2014-02-25,More than 'The Peanut Man',https://www.usda.gov/about-usda/news/blog/more-peanut-man
2014-02-07,"Northern Plains Climate Hub Aims to Help Producers ""No Matter What the Weather May Bring""",https://www.usda.gov/about-usda/news/blog/northern-plains-climate-hub-aims-help-producers-no-matter-what-weather-may-bring
2013-11-27,Be Prepared for Winter Driving in National Forests - Your Life Could Depend on it,https://www.usda.gov/about-usda/news/blog/be-prepared-winter-driving-national-forests-your-life-could-depend-it
2013-11-12,"Borlaug Fellows Gain Inspiration, Insight During World Food Prize",https://www.usda.gov/about-usda/news/blog/borlaug-fellows-gain-inspiration-insight-during-world-food-prize
2013-10-31,Reapers and Creepers Give Rave Reviews for Fall Harvest and Halloween Stats!,https://www.usda.gov/about-usda/news/blog/reapers-and-creepers-give-rave-reviews-fall-harvest-and-halloween-stats
2013-09-13,USDA and Coca-Cola Partner to Replenish One Billion Liters of Water to Nature,https://www.usda.gov/about-usda/news/press-releases/2013/09/13/usda-and-coca-cola-partner-replenish-one-billion-liters-water-nature
2013-09-12,"USDA is Composting, You Can Too!",https://www.usda.gov/about-usda/news/blog/usda-composting-you-can-too
2013-07-01,A USDA Grant Gets the Home Lights Burning for an Elderly Navajo Nation Couple,https://www.usda.gov/about-usda/news/blog/usda-grant-gets-home-lights-burning-elderly-navajo-nation-couple
2013-04-08,Shade-Grown Coffee Protects Puerto Rico Bay Coral Reefs,https://www.usda.gov/about-usda/news/blog/shade-grown-coffee-protects-puerto-rico-bay-coral-reefs
2013-03-21,Forest Service Recognizes United Nations' International Day of Forests,https://www.usda.gov/about-usda/news/blog/forest-service-recognizes-united-nations-international-day-forests
2012-10-31,"Secretary Vilsack Helps Celebrate Dedication of NewBo City Market in Cedar Rapids, Iowa",https://www.usda.gov/about-usda/news/blog/secretary-vilsack-helps-celebrate-dedication-newbo-city-market-cedar-rapids-iowa
2012-08-07,A Staple of the Farmers Market Since 1918,https://www.usda.gov/about-usda/news/blog/staple-farmers-market-1918
2012-07-17,Feds Feed Families in South Dakota,https://www.usda.gov/about-usda/news/blog/feds-feed-families-south-dakota-0
2012-01-18,USDA Grant Helps Coffee Farmers Win Honduras’ Cup of Excellence,https://www.usda.gov/about-usda/news/blog/usda-grant-helps-coffee-farmers-win-honduras-cup-excellence
2012-01-17,Hawaii Showcases Its Ag Diversification – the Proof is in the Numbers,https://www.usda.gov/about-usda/news/blog/hawaii-showcases-its-ag-diversification-proof-numbers
2012-01-03,Russia Christmas Fair Highlights American Holiday Treats,https://www.usda.gov/about-usda/news/blog/russia-christmas-fair-highlights-american-holiday-treats
2011-12-22,Hawaii’s Big Island Flavor Steams into the Canadian Market,https://www.usda.gov/about-usda/news/blog/hawaiis-big-island-flavor-steams-canadian-market
2011-11-18,Agriculture Secretary Vilsack Encourages Students in Vietnam to Build a Better Future,https://www.usda.gov/about-usda/news/blog/agriculture-secretary-vilsack-encourages-students-vietnam-build-better-future
2011-11-14,Cooking Contest Offers Opportunities in the Coconino National Forest in Arizona,https://www.usda.gov/about-usda/news/blog/cooking-contest-offers-opportunities-coconino-national-forest-arizona
2011-08-18,Rare Puerto Rican Parrot Fights for Survival with Support from the US Forest Service,https://www.usda.gov/about-usda/news/blog/rare-puerto-rican-parrot-fights-survival-support-us-forest-service
2011-06-13,"USDA Rural Development Loan Guarantee Improves Access to Local Foods in    St. Peter, Minn.",https://www.usda.gov/about-usda/news/blog/usda-rural-development-loan-guarantee-improves-access-local-foods-st-peter-minn
2011-05-20,U.S. Agribusinesses Shine at SIAL Canada Trade Show,https://www.usda.gov/about-usda/news/blog/us-agribusinesses-shine-sial-canada-trade-show
2010-10-25,Cooperative Development Provides ‘Last Chance’ for Rural Montana Café,https://www.usda.gov/about-usda/news/blog/cooperative-development-provides-last-chance-rural-montana-cafe
2010-06-04,Cowbell Rings In the Start of the 2010 USDA Farmers Market Season,https://www.usda.gov/about-usda/news/blog/cowbell-rings-start-2010-usda-farmers-market-season
2010-05-28,Compost: A Gardner's Basic Ally,https://www.usda.gov/about-usda/news/blog/compost-gardners-basic-ally
,,
,,
,,
,,
